,AK,AL,AR,AZ,CA,CO,CT,DC,DE,FL,GA,HI,IA,ID,IL,IN,KS,KY,LA,MA,MD,ME,MI,MN,MO,MS,MT,NC,ND,NE,NH,NJ,NM,NV,NY,OH,OK,OR,PA,RI,SC,SD,TN,TX,UT,VA,VT,WA,WI,WV,WY,Total
2020-01-22,0,0,0,0,0,0,0,0,0,0,0,0,0,0,0,0,0,0,0,0,0,0,0,0,0,0,0,0,0,0,0,0,0,0,0,0,0,0,0,0,0,0,0,0,0,0,0,1,0,0,0,
2020-01-23,0,0,0,0,0,0,0,0,0,0,0,0,0,0,0,0,0,0,0,0,0,0,0,0,0,0,0,0,0,0,0,0,0,0,0,0,0,0,0,0,0,0,0,0,0,0,0,1,0,0,0,1.0
2020-01-24,0,0,0,0,0,0,0,0,0,0,0,0,0,0,1,0,0,0,0,0,0,0,0,0,0,0,0,0,0,0,0,0,0,0,0,0,0,0,0,0,0,0,0,0,0,0,0,1,0,0,0,2.0
2020-01-25,0,0,0,0,0,0,0,0,0,0,0,0,0,0,1,0,0,0,0,0,0,0,0,0,0,0,0,0,0,0,0,0,0,0,0,0,0,0,0,0,0,0,0,0,0,0,0,1,0,0,0,2.0
2020-01-26,0,0,0,1,2,0,0,0,0,0,0,0,0,0,1,0,0,0,0,0,0,0,0,0,0,0,0,0,0,0,0,0,0,0,0,0,0,0,0,0,0,0,0,0,0,0,0,1,0,0,0,5.0
2020-01-27,0,0,0,1,3,0,0,0,0,0,0,0,0,0,1,0,0,0,0,0,0,0,0,0,0,0,0,0,0,0,0,0,0,0,0,0,0,0,0,0,0,0,0,0,0,0,0,1,0,0,0,6.0
2020-01-28,0,0,0,1,3,0,0,0,0,0,0,0,0,0,1,0,0,0,0,0,0,0,0,0,0,0,0,0,0,0,0,0,0,0,0,0,0,0,0,0,0,0,0,0,0,0,0,1,0,0,0,6.0
2020-01-29,0,0,0,1,4,0,0,0,0,0,0,0,0,0,1,0,0,0,0,0,0,0,0,0,0,0,0,0,0,0,0,0,0,0,0,0,0,0,0,0,0,0,0,0,0,0,0,1,0,0,0,7.0
2020-01-30,0,0,0,1,4,0,0,0,0,0,0,0,0,0,1,0,0,0,0,0,0,0,0,0,0,0,0,0,0,0,0,0,0,0,0,0,0,0,0,0,0,0,0,0,0,0,0,1,0,0,0,7.0
2020-01-31,0,0,0,1,4,0,0,0,0,0,0,0,0,0,2,0,0,0,0,0,0,0,0,0,0,0,0,0,0,0,0,0,0,0,0,0,0,0,0,0,0,0,0,0,0,0,0,1,0,0,0,8.0
2020-02-01,0,0,0,1,4,0,0,0,0,0,0,0,0,0,2,0,0,0,0,1,0,0,0,0,0,0,0,0,0,0,0,0,0,0,0,0,0,0,0,0,0,0,0,0,0,0,0,1,0,0,0,9.0
2020-02-02,0,0,0,1,4,0,0,0,0,0,0,0,0,0,2,0,0,0,0,1,0,0,0,0,0,0,0,0,0,0,0,0,0,0,0,0,0,0,0,0,0,0,0,0,0,0,0,1,0,0,0,9.0
2020-02-03,0,0,0,1,6,0,0,0,0,0,0,0,0,0,2,0,0,0,0,1,0,0,0,0,0,0,0,0,0,0,0,0,0,0,0,0,0,0,0,0,0,0,0,0,0,0,0,1,0,0,0,11.0
2020-02-04,0,0,0,1,6,0,0,0,0,0,0,0,0,0,2,0,0,0,0,1,0,0,0,0,0,0,0,0,0,0,0,0,0,0,0,0,0,0,0,0,0,0,0,0,0,0,0,1,0,0,0,11.0
2020-02-05,0,0,0,1,6,0,0,0,0,0,0,0,0,0,2,0,0,0,0,1,0,0,0,0,0,0,0,0,0,0,0,0,0,0,0,0,0,0,0,0,0,0,0,0,0,0,0,1,0,0,0,11.0
2020-02-06,0,0,0,1,6,0,0,0,0,0,0,0,0,0,2,0,0,0,0,1,0,0,0,0,0,0,0,0,0,0,0,0,0,0,0,0,0,0,0,0,0,0,0,0,0,0,0,1,0,0,0,11.0
2020-02-07,0,0,0,1,6,0,0,0,0,0,0,0,0,0,2,0,0,0,0,1,0,0,0,0,0,0,0,0,0,0,0,0,0,0,0,0,0,0,0,0,0,0,0,0,0,0,0,1,0,0,0,11.0
2020-02-08,0,0,0,1,6,0,0,0,0,0,0,0,0,0,2,0,0,0,0,1,0,0,0,0,0,0,0,0,0,0,0,0,0,0,0,0,0,0,0,0,0,0,0,0,0,0,0,1,0,0,0,11.0
2020-02-09,0,0,0,1,6,0,0,0,0,0,0,0,0,0,2,0,0,0,0,1,0,0,0,0,0,0,0,0,0,0,0,0,0,0,0,0,0,0,0,0,0,0,0,0,0,0,0,1,0,0,0,11.0
2020-02-10,0,0,0,1,6,0,0,0,0,0,0,0,0,0,2,0,0,0,0,1,0,0,0,0,0,0,0,0,0,0,0,0,0,0,0,0,0,0,0,0,0,0,0,0,0,0,0,1,0,0,0,11.0
2020-02-11,0,0,0,1,7,0,0,0,0,0,0,0,0,0,2,0,0,0,0,1,0,0,0,0,0,0,0,0,0,0,0,0,0,0,0,0,0,0,0,0,0,0,0,0,0,0,0,1,0,0,0,12.0
2020-02-12,0,0,0,1,7,0,0,0,0,0,0,0,0,0,2,0,0,0,0,1,0,0,0,0,0,0,0,0,0,0,0,0,0,0,0,0,0,0,0,0,0,0,0,0,0,0,0,1,0,0,0,12.0
2020-02-13,0,0,0,1,8,0,0,0,0,0,0,0,0,0,2,0,0,0,0,1,0,0,0,0,0,0,0,0,0,0,0,0,0,0,0,0,0,0,0,0,0,0,0,0,0,0,0,1,0,0,0,13.0
2020-02-14,0,0,0,1,8,0,0,0,0,0,0,0,0,0,2,0,0,0,0,1,0,0,0,0,0,0,0,0,0,0,0,0,0,0,0,0,0,0,0,0,0,0,0,0,0,0,0,1,0,0,0,13.0
2020-02-15,0,0,0,1,8,0,0,0,0,0,0,0,0,0,2,0,0,0,0,1,0,0,0,0,0,0,0,0,0,0,0,0,0,0,0,0,0,0,0,0,0,0,0,0,0,0,0,1,0,0,0,13.0
2020-02-16,0,0,0,1,8,0,0,0,0,0,0,0,0,0,2,0,0,0,0,1,0,0,0,0,0,0,0,0,0,0,0,0,0,0,0,0,0,0,0,0,0,0,0,0,0,0,0,1,0,0,0,13.0
2020-02-17,0,0,0,1,8,0,0,0,0,0,0,0,0,0,2,0,0,0,0,1,0,0,0,0,0,0,0,0,0,0,0,0,0,0,0,0,0,0,0,0,0,0,0,0,0,0,0,1,0,0,0,13.0
2020-02-18,0,0,0,1,9,0,0,0,0,0,0,0,0,0,2,0,0,0,0,1,0,0,0,0,0,0,0,0,0,0,0,0,0,0,0,0,0,0,0,0,0,0,0,0,0,0,0,1,0,0,0,14.0
2020-02-19,0,0,0,1,9,0,0,0,0,0,0,0,0,0,2,0,0,0,0,1,0,0,0,0,0,0,0,0,0,0,0,0,0,0,0,0,0,0,0,0,0,0,0,0,0,0,0,1,0,0,0,14.0
2020-02-20,0,0,0,1,9,0,0,0,0,0,0,0,0,0,2,0,0,0,0,1,0,0,0,0,0,0,0,0,0,0,0,0,0,0,0,0,0,0,0,0,0,0,0,0,0,0,0,1,0,0,0,14.0
2020-02-21,0,0,0,1,12,0,0,0,0,0,0,0,0,0,2,0,0,0,0,1,0,0,0,0,0,0,0,0,0,0,0,0,0,0,0,0,0,0,0,0,0,0,0,0,0,0,0,1,0,0,0,17.0
2020-02-22,0,0,0,1,12,0,0,0,0,0,0,0,0,0,2,0,0,0,0,1,0,0,0,0,0,0,0,0,0,0,0,0,0,0,0,0,0,0,0,0,0,0,0,0,0,0,0,1,0,0,0,17.0
2020-02-23,0,0,0,1,12,0,0,0,0,0,0,0,0,0,2,0,0,0,0,1,0,0,0,0,0,0,0,0,0,0,0,0,0,0,0,0,0,0,0,0,0,0,0,0,0,0,0,1,0,0,0,17.0
2020-02-24,0,0,0,1,13,0,0,0,0,0,0,0,0,0,2,0,0,0,0,1,0,0,0,0,0,0,0,0,0,0,0,0,0,0,0,0,0,0,0,0,0,0,0,0,0,0,0,1,0,0,0,18.0
2020-02-25,0,0,0,1,13,0,0,0,0,0,0,0,0,0,2,0,0,0,0,1,0,0,0,0,0,0,0,0,0,0,0,0,0,0,0,0,0,0,0,0,0,0,0,0,0,0,0,1,0,0,0,18.0
2020-02-26,0,0,0,1,15,0,0,0,0,0,0,0,0,0,2,0,0,0,0,1,0,0,0,0,0,0,0,0,0,0,0,0,0,0,0,0,0,0,0,0,0,0,0,0,0,0,0,1,0,0,0,20.0
2020-02-27,0,0,0,1,16,0,0,0,0,0,0,0,0,0,2,0,0,0,0,1,0,0,0,0,0,0,0,0,0,0,0,0,0,0,0,0,0,0,0,0,0,0,0,0,0,0,0,1,0,0,0,21.0
2020-02-28,0,0,0,1,18,0,0,0,0,0,0,0,0,0,2,0,0,0,0,1,0,0,0,0,0,0,0,0,0,0,0,0,0,0,0,0,0,0,0,0,0,0,0,0,0,0,0,1,0,0,0,23.0
2020-02-29,0,0,0,1,22,0,0,0,0,0,0,0,0,0,2,0,0,0,0,1,0,0,0,0,0,0,0,0,0,0,0,0,0,0,0,0,0,1,0,0,0,0,0,0,0,0,0,7,0,0,0,34.0
2020-03-01,0,0,0,1,22,0,0,0,0,0,0,0,0,0,3,0,0,0,0,1,0,0,0,0,0,0,0,0,0,0,0,0,0,0,0,0,0,1,0,1,0,0,0,0,0,0,0,11,0,0,0,40.0
2020-03-02,0,0,0,1,30,0,0,0,0,1,0,0,0,0,4,0,0,0,0,1,0,0,0,0,0,0,0,0,0,0,1,0,0,0,1,0,0,3,0,2,0,0,0,0,0,0,0,18,0,0,0,62.0
2020-03-03,0,0,0,1,34,0,0,0,0,1,2,0,0,0,4,0,0,0,0,2,0,0,0,0,0,0,0,1,0,0,2,0,0,0,2,0,0,3,0,2,0,0,0,0,0,0,0,27,0,0,0,81.0
2020-03-04,0,0,0,1,48,0,0,0,0,1,2,0,0,0,4,0,0,0,0,2,0,0,0,0,0,0,0,1,0,0,2,0,0,0,11,0,0,3,0,2,0,0,0,0,0,0,0,39,0,0,0,116.0
2020-03-05,0,0,0,1,62,0,0,0,0,2,2,0,0,0,5,0,0,0,0,2,0,0,0,0,0,0,0,1,0,0,2,2,0,1,23,0,0,3,0,2,0,0,1,3,0,0,0,70,0,0,0,182.0
2020-03-06,0,0,0,2,79,3,0,0,0,2,3,0,0,0,5,1,0,0,0,6,3,0,0,1,0,0,0,2,0,1,2,2,0,2,25,0,0,3,2,2,2,0,1,4,0,0,0,78,0,0,0,231.0
2020-03-07,0,0,0,4,119,7,0,0,0,6,5,1,0,0,6,1,0,0,0,6,3,0,0,1,0,0,0,2,0,1,2,4,0,2,77,0,1,6,2,3,5,0,1,8,1,0,0,102,0,0,0,376.0
2020-03-08,0,0,0,4,131,7,0,2,0,9,5,1,0,0,7,2,1,0,0,22,5,0,0,1,1,0,0,2,0,1,4,5,0,4,107,0,1,14,6,3,7,0,3,11,1,2,1,122,0,0,0,492.0
2020-03-09,0,0,0,6,194,14,1,4,0,14,17,2,8,0,13,6,1,3,1,41,8,0,0,1,1,0,0,7,0,4,4,15,0,4,145,3,2,14,12,3,9,1,3,16,2,6,1,162,3,0,0,751.0
2020-03-10,0,0,0,6,221,18,2,4,0,25,19,2,14,0,19,10,1,4,5,92,9,0,2,2,1,0,0,8,0,5,5,23,0,7,173,3,2,15,14,5,10,5,7,21,2,6,1,265,3,0,0,1036.0
2020-03-11,0,0,1,10,278,24,3,10,0,32,32,2,14,0,24,10,1,6,12,96,12,0,2,3,1,0,0,16,0,10,5,23,3,7,207,4,2,19,19,5,12,7,8,21,2,6,1,365,3,0,0,1318.0
2020-03-12,1,0,5,10,304,49,5,10,4,42,43,2,16,0,32,12,5,10,18,108,12,1,12,10,2,1,0,16,1,11,6,29,5,11,325,5,3,24,22,5,13,8,17,23,5,6,2,457,6,0,1,1715.0
2020-03-13,1,5,8,10,406,76,8,10,4,64,43,2,17,0,46,12,6,13,34,124,17,3,25,14,4,6,4,17,1,13,6,50,10,20,434,13,4,30,41,14,13,9,18,37,6,27,2,568,19,0,2,2316.0
2020-03-14,1,11,12,12,504,99,20,16,6,96,66,3,18,4,63,19,6,15,85,138,30,3,33,21,5,10,6,32,1,18,7,72,13,21,527,25,4,36,47,20,19,9,32,51,19,37,4,642,27,0,3,2968.0
2020-03-15,1,22,16,12,621,130,26,17,7,136,98,6,18,4,92,19,8,21,103,163,30,3,54,35,6,10,6,33,1,18,13,98,13,26,729,37,8,39,65,20,28,9,39,59,21,40,4,769,33,0,3,3769.0
2020-03-16,3,29,22,18,740,159,41,22,8,168,120,9,23,4,104,30,13,22,136,197,37,16,54,54,8,12,8,40,1,18,17,176,21,45,950,50,10,47,75,21,33,10,55,60,29,45,8,906,47,0,10,4731.0
2020-03-17,6,39,28,20,923,183,68,31,17,216,145,12,29,7,159,30,16,26,196,218,57,31,65,60,8,21,9,40,5,24,26,267,23,55,1544,67,17,65,95,23,47,11,73,76,51,67,12,1006,72,1,15,6302.0
2020-03-18,6,51,37,27,1107,183,96,39,26,328,197,15,38,11,287,35,21,33,280,256,85,42,80,77,21,34,12,63,7,26,39,417,28,55,3052,86,29,74,132,33,60,11,98,107,65,77,18,1187,106,2,18,9214.0
2020-03-19,10,78,62,44,1318,277,158,71,30,432,283,25,44,23,421,55,34,46,391,328,107,51,334,89,26,50,15,137,19,31,44,740,35,91,5637,119,43,88,184,44,80,14,154,230,78,93,20,1376,155,4,18,14236.0
2020-03-20,13,106,100,63,1597,361,193,77,39,652,483,35,44,31,584,123,44,53,535,416,190,56,549,115,72,80,19,137,26,36,55,892,43,153,7848,169,49,114,268,44,124,14,227,304,112,115,32,1524,206,8,22,19152.0
2020-03-21,15,131,118,103,1804,475,223,98,45,762,555,45,68,41,752,123,54,53,762,524,190,70,787,137,90,140,27,183,28,45,65,1327,57,158,12208,247,53,137,371,66,171,14,367,338,136,152,48,1790,280,12,24,26469.0
2020-03-22,23,167,159,152,2105,591,327,116,56,1005,618,53,90,45,1049,200,63,66,837,645,244,89,1037,169,106,206,34,255,30,49,78,1914,65,194,15832,351,67,161,478,83,193,21,498,365,180,219,53,1996,380,16,26,33756.0
2020-03-23,37,196,185,234,2587,720,415,137,87,1227,797,65,104,50,1285,258,78,121,1163,776,288,107,1327,232,182,246,45,289,32,52,101,2851,82,249,20909,431,81,190,644,106,297,27,607,702,257,253,76,2221,414,20,29,43869.0
2020-03-24,42,242,221,326,2990,911,618,183,104,1412,1090,84,122,73,1536,360,92,153,1384,1157,349,118,1789,261,255,313,51,392,36,55,108,3675,95,281,25578,562,106,209,851,106,340,30,667,894,298,289,95,2455,455,38,37,53888.0
2020-03-25,59,386,295,401,3518,1086,875,231,119,1975,1383,101,145,122,1864,478,125,192,1795,1835,423,142,2292,287,353,374,65,495,45,62,137,4402,112,408,32968,705,164,265,1195,131,424,41,780,1211,345,389,123,2581,584,49,49,68586.0
2020-03-26,69,531,327,508,4368,1429,1012,267,119,2458,1633,106,179,189,2540,960,170,242,2303,2414,580,156,2855,344,502,484,89,622,58,73,157,6331,136,536,38976,867,243,315,1687,165,453,46,956,1576,410,459,158,3206,707,49,55,85075.0
2020-03-27,85,639,375,663,5226,1732,1291,304,165,3198,2197,118,234,233,3027,960,204,296,2743,3240,773,168,3656,396,663,484,120,763,68,80,187,8825,185,520,44813,1136,243,414,2217,203,539,58,1201,1915,482,603,184,3758,842,96,73,102595.0
2020-03-28,102,717,402,773,6058,2061,1524,342,214,4038,2445,151,298,265,3491,1232,264,355,3313,4257,995,211,4650,441,829,484,147,929,93,108,214,10836,208,637,53303,1405,377,479,2750,239,660,68,1370,2225,603,738,211,4289,989,113,84,122987.0
2020-03-29,114,825,444,919,6707,2306,1993,401,232,4948,2682,173,336,314,4596,1513,321,387,3537,4851,1242,253,5465,503,888,756,161,1163,97,129,268,13386,234,926,59240,1651,429,548,3393,267,774,90,1579,2663,712,888,234,4896,1112,123,85,141754.0
2020-03-30,119,941,503,1154,7643,2624,2571,495,264,5704,3024,202,424,415,5057,1783,369,428,4023,5752,1412,275,6495,576,1032,845,177,1302,109,153,313,16636,281,1009,67194,1933,480,605,4081,406,925,100,1833,3085,804,1018,256,5414,1221,145,95,163705.0
2020-03-31,133,997,560,1289,8815,2965,3128,586,319,6741,4110,224,496,525,5993,2159,428,527,5235,6620,1660,275,7613,629,1336,935,198,1491,126,177,367,18696,315,1113,74447,2197,566,689,4839,485,1083,100,2238,3604,887,1247,292,5662,1351,162,120,186750.0
2020-04-01,142,1106,621,1414,10172,3341,3557,586,368,7559,4744,258,548,668,6972,2564,482,623,6424,7738,1985,344,9331,687,1590,1064,217,1580,147,214,367,22255,362,1279,82133,2546,720,735,5805,563,1293,129,2681,4268,1013,1482,320,6264,1549,189,137,213136.0
2020-04-02,147,1270,678,1596,11397,3724,3824,653,393,9008,5440,285,614,889,7678,3038,550,714,9094,8966,2331,376,10789,742,1832,1178,241,1855,159,254,479,25590,403,1458,90390,2902,877,825,7016,651,1553,165,2844,4954,1076,1702,338,6818,1730,217,153,241856.0
2020-04-03,157,1534,732,1769,12755,4173,4915,757,450,10268,5959,319,699,1011,8871,3436,620,775,10169,10402,2758,432,12739,788,2110,1460,262,2093,173,284,540,29895,494,1551,103652,3312,987,898,8420,705,1699,187,3066,5704,1244,2009,389,7119,1916,237,166,277060.0
2020-04-04,171,1632,740,2018,14055,4565,5276,902,593,11544,6373,351,785,1076,10357,3948,698,871,12493,11736,3125,456,14222,863,2284,1566,281,2402,186,318,620,34997,545,1752,113892,3738,1157,999,10016,806,1913,212,3319,6363,1422,2406,461,7655,2112,281,187,310740.0
2020-04-05,185,1840,853,2269,15356,4950,5675,998,673,12350,6729,371,868,1100,11253,4409,747,970,13010,12500,3609,470,15713,926,2368,1748,296,2585,207,354,669,37505,626,1836,122178,4041,1251,1067,11496,922,2048,240,3631,7007,1605,2634,512,8017,2266,320,199,335452.0
2020-04-06,191,2003,924,2456,16545,5172,6906,1097,783,13629,7548,387,945,1169,12258,4942,845,1081,14866,13837,4045,499,17218,978,2720,1848,318,2870,225,401,715,41091,688,1953,130830,4442,1325,1132,12973,1082,2230,285,3800,7583,1675,2875,543,8383,2438,345,212,365306.0
2020-04-07,213,2197,991,2575,17706,5429,7781,1211,928,14747,9128,410,1048,1210,13547,5501,899,1140,16284,15200,4370,519,18969,1067,3031,1913,318,3220,237,477,747,44416,796,2098,138988,4782,1468,1181,14559,1229,2415,319,4136,8653,1739,3331,575,8681,2578,412,221,395590.0
2020-04-08,226,2497,1075,2726,19191,5655,8781,1440,1116,15698,10198,435,1145,1232,15084,5939,1043,1335,17030,16790,5528,537,20347,1155,3314,2005,331,3427,251,522,788,47437,865,2318,149476,5149,1522,1239,16239,1439,2551,392,4362,9718,1848,3645,605,9094,2755,479,230,428204.0
2020-04-09,236,2838,1145,3018,20336,6098,9784,1523,1209,16826,10880,442,1270,1353,16420,6345,1104,1506,18280,18941,6184,560,21506,1245,3534,2258,331,3653,269,576,819,51393,989,2456,159937,5513,1681,1321,18228,1712,2792,446,4632,10563,1979,4042,628,9605,2884,520,239,462049.0
2020-04-10,247,3007,1201,3111,21566,6320,10538,1660,1326,17968,11856,465,1388,1396,17883,6905,1162,1691,19249,20973,6968,585,22781,1245,3794,2465,331,3909,278,646,885,54588,1090,2624,170512,5878,1789,1371,19978,2015,3064,533,4859,12032,2103,4505,679,9884,3068,573,252,495196.0
2020-04-11,258,3262,1226,3393,22562,6635,11510,1778,1479,18983,12261,486,1509,1407,19177,7429,1262,1840,20011,22859,7694,615,23990,1427,4023,2640,331,4303,293,703,928,58151,1174,2624,180458,6246,1866,1447,21655,2348,3064,625,5111,12953,2206,5072,711,10222,3213,591,261,526272.0
2020-04-12,273,3581,1274,3539,23433,6894,12035,1875,1638,19858,12550,498,1585,1425,20850,7917,1333,1950,20592,25474,8225,632,24637,1618,4158,2781,331,4517,308,757,985,61850,1244,2624,188694,6601,1968,1527,22833,2665,3311,727,5302,13731,2304,5269,727,10410,3341,605,270,553526.0
2020-04-13,278,3801,1471,3701,24437,7127,13381,1875,1761,21019,13621,503,1709,1453,22021,8222,1374,2035,21012,26866,8933,696,25634,1647,4383,2940,331,4778,331,832,1019,64655,1345,2624,195031,6969,2061,1583,24196,2976,3438,865,5603,14210,2362,5729,748,10536,3427,631,275,578455.0
2020-04-14,286,3951,1495,3798,25859,7288,13989,2058,1926,21625,14567,516,1896,1464,23243,8512,1424,2191,21512,28163,9470,733,27001,1692,4681,3085,331,4988,341,873,1091,68396,1345,2624,202208,7278,2177,1632,25345,3251,3553,985,5816,14620,2416,6165,752,10691,3555,689,282,603829.0
2020-04-15,294,4237,1593,3962,27097,7493,14753,2197,2014,22520,15120,529,1994,1587,24592,8941,1492,2278,21942,29918,10031,769,28057,1805,4892,3360,331,5099,365,915,1139,71030,1345,2624,213779,7790,2261,1663,26490,3529,3659,1167,6073,15916,2550,6496,759,10775,3721,718,288,633949.0
2020-04-16,301,4400,1615,4234,28126,8675,15884,2350,2075,23340,16144,540,2141,1609,25729,9527,1586,2404,22511,32181,10784,793,29260,1909,5107,3620,413,5374,393,960,1211,75317,1597,3324,222284,8410,2355,1736,27734,3838,3915,1310,6260,16836,2690,6889,768,11148,3874,722,296,666499.0
2020-04-17,310,4515,1690,4507,29420,9046,16809,2476,2323,24747,17152,552,2332,1655,27573,10149,1702,2511,23113,34402,11572,826,30020,2068,5272,3789,422,5853,393,1003,1285,78796,1711,3461,229642,9107,2355,1784,29439,4177,4081,1410,6581,17758,2812,7488,779,11444,4044,773,305,697434.0
2020-04-18,315,4719,1776,4718,30829,9426,17550,2666,2538,25491,17580,573,2508,1668,29134,10639,1788,2679,23579,36372,12307,846,30789,2207,5508,3972,426,6119,393,1163,1342,81720,1798,3629,236732,10214,2355,1842,31066,4491,4241,1540,6753,18257,2938,8049,802,11800,4195,822,309,725173.0
2020-04-19,320,4897,1779,4928,31591,9723,17962,2793,2538,26312,18216,579,2900,1672,30345,11206,1847,2942,23927,38077,12829,866,31418,2347,5653,4273,433,6443,393,1200,1392,85301,1845,3727,242786,11570,2355,1909,32283,4707,4369,1634,7064,19099,3068,8534,811,11889,4342,887,313,750294.0
2020-04-20,322,5074,1969,5064,33869,10100,19815,2927,2745,27056,19084,583,3153,1736,31503,11677,1984,3027,24520,39643,13678,874,31993,2463,5799,4508,433,6680,627,1293,1447,88722,1971,3815,247512,12913,2355,1954,33231,5090,4434,1634,7232,19455,3219,8986,813,12084,4498,906,317,776787.0
2020-04-21,330,5317,2260,5251,35814,10440,20360,3098,2931,27868,19662,585,3634,1766,33053,12090,2024,3177,24851,41199,14193,887,32964,2523,5937,4710,437,6843,643,1436,1491,92373,1971,3945,251959,13722,2805,2002,34522,5361,4605,1754,7389,20192,3302,9632,816,12280,4620,928,322,802274.0
2020-04-22,336,5598,2391,5459,37688,10871,22469,3206,3200,28576,20493,591,3744,1800,35107,12436,2210,3353,25253,42944,14775,906,33961,2618,6131,4892,439,7074,679,1676,1588,95411,2210,4092,257607,14114,2893,2059,35679,5841,4758,1857,7835,21061,3454,10269,820,12494,4845,960,326,831049.0
2020-04-23,338,5825,2598,5768,39556,11182,23100,3361,3308,29647,21476,595,3921,1831,36932,12436,2481,3467,25735,46023,15735,936,35288,2781,6312,5148,442,7380,709,1895,1670,99989,2376,4225,263529,14688,3015,2126,37053,6194,4916,1955,8262,21941,3620,11002,824,12752,5050,980,331,862704.0
2020-04-24,340,6026,2807,6043,41317,12171,23921,3528,3442,30533,22014,599,4442,1864,39650,13617,2773,3753,26138,50969,16616,964,36634,2953,6614,5429,444,7782,748,2110,1719,102772,2521,4373,271659,15154,3015,2177,38652,6511,5068,2038,8722,22802,3777,12372,826,12977,5354,1019,348,900097.0
2020-04-25,340,6213,2907,6280,42565,12884,24582,3699,3576,30836,22566,603,5087,1885,41773,14304,3055,3882,26511,53348,17766,989,37199,3127,6794,5710,445,8232,803,2394,1790,106074,2660,4547,282212,15563,3192,2253,40046,6875,5243,2146,9186,23768,3952,12975,841,13316,5686,1025,360,934065.0
2020-04-26,342,6417,2998,6526,43673,13355,25269,3841,4034,31527,22830,605,5460,1893,43895,15011,3173,4054,26773,54823,18580,1014,37760,3237,6961,5906,448,8480,867,2517,1864,109465,2724,4642,288114,15943,3251,2311,41164,7274,5243,2211,9662,24617,4122,12975,849,13520,5911,1050,367,959548.0
2020-04-27,346,6537,3064,6716,45172,13793,25997,3892,4162,32136,23592,606,5856,1917,45878,15960,3327,4133,27068,56462,19485,1022,38210,3369,7137,6090,449,8678,941,2880,1936,111478,2823,4726,292065,16324,3279,2353,42048,7491,5611,2243,9914,25276,4239,13545,854,13686,6081,1076,388,982311.0
2020-04-28,352,6744,3122,6948,46414,14304,26312,3994,4575,32844,24217,606,6375,1951,48097,16579,3490,4360,27286,58302,20109,1038,39260,3624,7275,6340,451,9177,990,3280,2009,114246,2974,4802,295175,16766,3408,2385,43262,7603,5734,2311,10049,26111,4343,14346,861,13841,6289,1092,394,1006417.0
2020-04-29,356,6916,3201,7202,48795,14743,26767,4106,4655,33192,25128,612,6841,1982,50349,17226,3734,4523,27659,60252,20846,1054,40391,4635,7398,6561,451,9515,1033,3760,2054,116755,3213,4951,299760,17299,3473,2446,44366,8123,5881,2372,10363,26973,4500,14966,861,14070,6519,1107,403,1034338.0
2020-04-30,356,7063,3269,7648,50322,15261,27700,4323,4734,33690,25832,617,7142,2013,52908,17818,4235,4695,27998,62177,21742,1094,41367,5125,7529,6814,452,10015,1067,4232,2146,119282,3411,5040,304441,18018,3617,2510,45759,8477,6095,2448,10731,27991,4676,15852,865,14326,6853,1124,414,1063314.0
2020-05-01,365,7294,3304,7961,52253,15766,28764,4658,4918,34725,26805,618,7877,2034,56049,18629,4446,4864,28704,64311,23465,1121,42333,5711,7796,7209,452,10920,1107,4781,2310,121190,3513,5075,308383,18736,3748,2578,46968,8755,6254,2523,11889,29112,4832,16905,878,14634,7313,1151,419,1096406.0
2020-05-02,366,7611,3358,8364,53696,16224,29287,4797,5038,35460,27627,618,8633,2061,58500,19293,4745,4864,29138,66263,24473,1151,43187,6208,8107,7438,454,11504,1153,5260,2429,123717,3732,5407,313046,19333,3851,2635,48300,9044,6485,2586,12659,30394,4986,17740,885,15001,7660,1181,429,1126378.0
2020-05-03,369,7885,3417,8640,54947,16624,29287,5016,5208,36078,27928,619,9168,2061,61485,19930,5029,5112,29338,68087,25462,1184,43703,6640,8341,7550,454,11664,1191,5597,2518,126744,3849,5490,316484,19912,3971,2680,49260,9288,6617,2629,13176,31394,5176,18674,897,15181,7964,1191,435,1151544.0
2020-05-04,371,8110,3461,8919,56191,16902,29973,5170,5288,36892,28709,619,9701,2106,63830,20502,5244,5236,29671,69087,26389,1204,43947,7212,8707,7876,456,11843,1225,5988,2588,128269,4029,5490,319022,20473,4043,2759,50084,9416,6748,2666,13528,32179,5324,19494,902,15459,8236,1220,444,1173202.0
2020-05-05,372,8436,3522,9304,58752,17364,30621,5322,5371,37429,29196,624,10202,2127,65958,21028,5456,5808,29995,70271,27116,1225,44396,7851,8877,8186,456,12253,1266,6335,2636,130593,4136,5528,321261,20968,4122,2838,50949,10296,6836,2719,13639,33214,5453,20264,905,15593,8565,1238,452,1197324.0
2020-05-06,373,8691,3607,9706,60701,17830,30995,5461,5778,38001,30175,625,10401,2158,68228,21865,5734,5927,30397,72024,28163,1253,45052,8577,9056,8416,456,12756,1322,6667,2741,131846,4287,5631,324047,21574,4197,2915,51834,10296,6935,2777,13929,34246,5599,20264,908,15904,8899,1272,479,1220975.0
2020-05-07,375,9046,3692,9944,62373,18371,31783,5654,5939,38828,30708,627,11052,2178,70869,22499,6144,6120,30650,73721,29373,1329,45641,9363,9289,8681,456,13390,1370,7067,2843,133635,4490,5718,327538,22129,4325,2987,52903,10530,7139,2904,14091,35384,5727,21576,915,16230,9215,1293,483,1248587.0
2020-05-08,378,9384,3745,10526,64567,18827,32411,5899,6111,39196,31292,627,11447,2205,73756,23144,6498,6285,30853,75333,30459,1373,46322,10085,9431,9089,458,13866,1424,7695,2946,135454,4660,5721,330476,23015,4416,3066,54226,10779,7364,3143,14436,36607,5928,22346,917,16387,9590,1321,490,1275974.0
2020-05-09,379,9668,3745,10960,66799,19371,32984,6102,6280,39998,31823,630,11666,2230,76081,23730,6748,6436,31406,76743,31534,1407,46754,10785,9613,9366,459,14358,1463,8091,3011,137085,4759,6069,333191,23688,4479,3157,55304,10989,7528,3391,14763,37856,6107,23196,920,16672,9938,1345,495,1301552.0
2020-05-10,380,9889,4007,11118,67995,19697,33554,6272,6447,40593,32658,631,11958,2230,77733,24122,6979,6436,31590,77793,32587,1435,47135,11265,9789,9498,459,14757,1489,8171,3071,138532,4844,6135,335464,24076,4577,3224,56597,11274,7649,3515,14983,38842,6253,24080,926,16890,10217,1357,504,1321677.0
2020-05-11,382,10164,4038,11379,69417,19875,33765,6389,6555,40979,33268,633,12363,2260,79002,24620,7113,6672,31805,78462,33373,1461,47544,11794,9863,9673,460,15036,1515,8390,3159,139945,5034,6158,337124,24771,4603,3282,57141,11441,7780,3612,15541,39842,6369,25066,926,17120,10418,1366,510,1339458.0
2020-05-12,384,10468,4161,11735,71038,20152,34333,6485,6741,41884,33680,634,12899,2293,83016,25117,7302,6849,32035,79332,34061,1476,48017,12488,9952,9906,462,15344,1570,8531,3239,140743,5160,6300,338554,25250,4725,3350,57976,11614,7902,3661,16107,41015,6442,25798,927,17326,10610,1375,512,1360931.0
2020-05-13,384,10699,4235,12175,73093,20467,34855,6584,6952,42388,34125,637,13277,2324,84686,25470,7492,7065,32620,80497,34812,1514,48390,12914,10088,10089,463,15816,1645,8908,3299,141490,5300,6494,340730,25719,4851,3407,58695,11835,8026,3729,16368,42352,6622,26745,931,17509,10902,1402,523,1381593.0
2020-05-14,388,11094,4365,12673,74920,20830,35464,6736,7214,43209,34587,637,13658,2351,87929,26047,7702,7212,33420,82182,35903,1564,49579,13432,10257,10469,463,16505,1712,9241,3382,142704,5434,6593,343120,26355,4959,3474,59633,12016,8189,3790,16696,43777,6754,27810,931,17771,11274,1426,529,1408360.0
2020-05-15,388,11387,4462,13168,76959,21224,36085,6871,7366,44134,35077,637,14038,2388,90359,26650,7907,7433,33739,83421,36984,1601,50076,14236,10401,10799,467,17130,1761,9607,3464,143905,5584,6758,345882,26951,5082,3532,60622,12219,8401,3885,16968,45113,6914,28672,933,17950,11684,1452,541,1433267.0
2020-05-16,388,11671,4576,13631,78795,21624,36703,7042,7537,44810,35349,637,14321,2417,92447,27274,7990,7672,34117,84933,37957,1646,50495,14968,10620,11113,469,17977,1847,10050,3556,145089,5584,6835,348301,27471,5237,3606,61610,12434,8658,3956,17285,46911,7073,29680,933,18287,12185,1452,559,1457778.0
2020-05-17,397,11768,4758,13937,80175,21927,37419,7123,7670,45585,35528,638,14643,2417,94182,27765,8041,7672,34432,86010,38804,1682,51138,15666,10738,11286,469,18512,1897,10171,3596,146334,5623,6903,350190,27921,5308,3618,62233,12674,8811,3985,17383,47687,7239,30384,940,18431,12541,1479,566,1476296.0
2020-05-18,400,12078,4812,14170,81912,22196,38116,7270,7870,46436,36071,638,14948,2453,96473,28245,8394,7915,34709,87052,39762,1711,51907,16370,10888,11422,471,19019,1927,10457,3652,148039,6090,6903,351440,28446,5395,3680,63050,12795,8934,4024,18003,48577,7384,31137,940,18608,12685,1481,577,1497932.0
2020-05-19,400,12374,4922,14566,83870,22475,38430,7434,8037,46940,36706,639,15291,2476,98018,28702,8414,8047,35038,87925,41545,1740,52346,17026,11018,11701,472,19699,1992,10685,3721,149009,6187,7153,352914,28947,5487,3721,63666,12951,9050,4082,18365,49771,7529,32136,943,18808,12883,1504,775,1518530.0
2020-05-20,402,13049,5002,14897,86092,22796,39016,7551,8194,47470,37401,640,15525,2505,100410,29269,8619,8162,35316,88970,42317,1818,52996,17666,11221,11961,479,20124,2078,10947,3721,150399,6313,7153,354439,29430,5532,3794,64408,13356,9172,4174,18530,51035,7718,32900,944,18969,13408,1538,787,1540613.0
2020-05-21,402,13410,5456,15315,88324,23178,39203,7788,8386,48671,38234,642,15949,2533,102681,29930,8678,8284,36490,90084,43530,1876,53494,18199,11339,12220,479,20855,2188,11249,3935,151463,6468,7493,356527,30166,5678,3812,65382,13571,9378,4246,18963,52080,7874,34131,950,19115,13883,1589,800,1566571.0
2020-05-22,404,13670,5610,15607,90778,23485,39640,7893,8529,49447,39021,642,16405,2595,105441,30404,9035,8421,36808,90889,44424,1947,53901,19004,11555,12615,479,21613,2267,11492,4014,152600,6621,7501,358223,30794,5849,3860,66249,13736,9636,4352,19036,53407,8060,34947,952,19264,14394,1612,802,1589930.0
2020-05-23,408,14152,5772,16039,92664,23954,40022,7966,8690,50127,39572,643,16792,2626,107792,30893,9048,8567,36979,91662,45495,1971,54361,19843,11747,12997,483,22715,2315,11791,4089,153087,6791,7782,359995,31407,5955,3884,66979,13952,9895,4464,19437,54466,8260,35722,956,19584,14875,1705,813,1612184.0
2020-05-24,408,14507,5920,16339,94449,24157,40465,8110,8809,50866,40362,643,17208,2626,110295,31369,9052,8567,37072,92675,47150,1988,54676,20573,11979,13249,483,23211,2364,11942,4149,154154,6939,7899,361584,31909,6033,3922,67707,14065,10092,4559,19753,55306,8396,36243,956,19827,15276,1744,837,1632864.0
2020-05-25,409,15194,6028,16560,96673,24248,40873,8225,8965,51745,41187,643,17544,2626,112008,31706,9077,8567,37710,93271,47684,2000,54878,21312,12157,13453,483,23930,2402,12168,4197,155092,7022,7974,362833,32473,6088,3945,68181,14065,10177,4582,20200,55929,8524,37724,962,20064,15583,1761,843,1651945.0
2020-05-26,411,15648,6177,16782,99851,24542,41234,8334,9066,52254,42295,643,17652,2698,113185,32067,9280,8948,38044,93693,47684,2107,55083,21959,12281,13720,483,24112,2420,12423,4231,155781,7128,8076,363905,33002,6134,3964,68633,14210,10415,4649,20555,56559,8616,39332,967,20180,15860,1783,850,1669906.0
2020-05-27,412,16029,6277,17261,101877,24766,41288,8406,9096,52633,44588,643,18253,2730,114305,32424,9398,9073,38486,94220,48423,2135,55513,22460,12487,14038,485,24623,2437,12786,4286,156628,7250,8137,365034,33436,6224,4034,69417,14352,10622,4702,20922,57918,8715,40243,971,20405,16461,1783,860,1689952.0
2020-05-28,425,16553,6531,17763,104014,25121,41559,8492,9171,53285,45265,646,18498,2767,115832,33057,9435,9178,38790,94895,49708,2187,56013,22944,12668,14366,489,25409,2479,13052,4389,157815,7360,8232,366802,33913,6268,4082,70042,14494,10788,4783,21289,59770,8951,41398,973,20760,16972,1901,876,1712450.0
2020-05-29,430,17031,6776,18465,106651,25612,41762,8538,9236,54496,45855,648,18791,2767,117450,33551,9763,9456,39564,95512,50987,2223,56553,23527,12787,14786,497,26487,2518,13438,4389,158832,7488,8370,368353,34563,6336,4130,70734,14635,11131,4862,22080,60979,9282,42527,975,21069,17704,1941,891,1737428.0
2020-05-30,434,17358,7010,19255,110136,26098,42022,8717,9422,55421,46332,651,19135,2838,118912,33551,9763,9693,39564,96301,52015,2278,56883,24183,12956,15202,509,27669,2552,13688,4551,159606,7622,8515,369729,35029,6418,4185,71415,14819,11829,4954,22562,62329,9282,43604,977,21347,18227,1968,897,1760413.0
2020-05-31,460,17849,7252,20119,112703,26378,42201,8801,9498,56161,47079,651,19481,2839,120257,34569,9763,9693,39899,97005,52715,2320,57391,24846,13136,15484,519,27669,2575,13880,4650,159659,7688,8612,370839,35508,6418,4243,71924,14928,11859,4988,22560,64279,9336,44600,981,21694,18400,1995,903,1779257.0
2020-06-01,467,18246,7442,20123,115207,26577,42732,8857,9605,56828,47889,651,19682,2905,121232,34820,10052,10031,40321,100797,53326,2345,57528,25204,13317,15728,523,29251,2624,14131,4684,160139,7795,8707,371780,35978,6526,4301,72280,14991,12143,5029,23100,64871,10017,45391,983,21976,18538,2009,910,1800589.0
2020-06-02,487,18427,7815,21249,117521,26785,42978,8886,9685,57447,48394,652,19947,2932,122841,35234,10071,10169,40727,101178,54171,2374,57728,25500,13567,16014,527,29875,2646,14402,4748,161545,8020,8719,373109,36346,6689,4334,72890,15112,12412,5060,23840,66554,10233,46222,988,22155,18917,2036,912,1821070.0
2020-06-03,505,18553,8062,22220,119846,27058,43091,9016,9712,58762,49011,653,20010,2989,123820,35704,10224,10405,41108,101592,54981,2415,58011,25867,13762,16309,529,30770,2679,14671,4794,162068,8136,8873,374154,36791,6804,4398,73404,15219,12647,5154,24249,68228,10541,46895,990,22481,19394,2066,915,1840536.0
2020-06-04,513,18766,8422,22753,122995,27359,43238,9120,9746,60182,49987,655,20699,3053,124749,36089,10224,10701,41528,102059,55858,2445,58241,26272,14047,16554,543,31852,2706,14923,4874,162529,8349,9129,375202,37279,6904,4473,73935,15325,12996,5239,24605,69842,10854,47845,1025,22727,19889,2088,921,1862309.0
2020-06-05,524,19073,8651,24331,126313,27615,43460,9199,9773,61487,50748,664,21086,3111,125903,36573,10431,10972,41985,102556,56760,2481,63533,26979,14246,16764,545,33247,2745,15186,4951,163320,8669,9279,376277,37756,7003,4569,74385,15441,13441,5269,25070,71532,11330,48521,1027,22991,20248,2108,932,1891060.0
2020-06-06,536,19709,9101,25451,128965,27846,43817,9269,9845,62758,51343,673,21427,3138,126883,36992,10431,11276,42480,103132,57481,2523,63971,27499,14434,17033,546,34612,2816,15351,5017,163857,8797,9506,377385,38108,7060,4661,75086,15441,13914,5362,25599,73468,11859,49380,1046,23441,20571,2127,938,1913961.0
2020-06-07,544,20166,9424,26889,131348,27999,43967,9332,9942,63934,51905,675,21600,3138,127744,37388,10465,11276,42807,103436,57969,2570,64395,27883,14543,17268,551,35530,2861,15443,5042,164166,8937,9647,378166,38475,7150,4804,75589,15441,14284,5431,25886,74892,11921,50403,1063,23728,20834,2133,946,1931930.0
2020-06-08,563,20590,9736,27677,133884,28178,44092,9389,9972,64901,52773,676,21907,3188,128406,37611,10680,11463,43038,103606,58397,2588,64673,28221,14720,17754,554,36357,2879,15565,5078,164450,9059,9784,378868,38834,7204,4918,75942,15642,14796,5464,26426,75545,12384,51225,1075,24039,21033,2151,957,1948912.0
2020-06-09,573,21071,10076,28296,136863,28342,44177,9474,10020,65998,53422,682,22170,3220,129204,38024,10680,11697,43599,103885,58902,2606,64982,28519,14900,18107,560,37090,2901,15698,5131,164778,9104,10039,379551,39158,7361,4988,76435,15691,15220,5516,27061,77488,12630,51720,1083,24353,21308,2167,969,1967489.0
2020-06-10,593,21626,10366,29852,139736,28495,44347,9537,10056,67370,54115,685,22502,3259,129829,38332,10846,11872,44013,104156,59463,2636,65180,28865,15183,18480,568,38168,2941,15839,5177,165280,9248,10155,380225,39572,7479,5059,76843,15756,15758,5596,27407,79936,12893,52160,1094,24628,21593,2183,979,1987931.0
2020-06-11,610,22474,10814,31263,143238,28643,44461,9589,10065,69069,55143,692,22775,3301,130597,38743,10846,11934,44446,104667,60197,2667,65405,29312,15387,18480,571,39473,2980,16130,5207,165725,9365,10462,380961,39992,7626,5235,77312,15862,16437,5658,27886,81750,13341,52635,1110,24779,21921,2207,1008,2010451.0
2020-06-12,625,23333,11546,32918,146999,28819,44688,9654,10173,70970,56044,706,23161,3351,131189,39146,11081,12162,44966,105059,60613,2720,65667,29792,15580,19087,581,41245,3016,16334,5249,166094,9523,10678,381783,40422,7845,5377,77998,15947,17170,5735,28643,83841,13643,53197,1119,25171,22240,2228,1027,2036155.0
2020-06-13,652,24220,12094,34458,150314,29015,44994,9709,10229,73549,56931,723,23552,3397,131861,39543,11081,12438,46214,105393,61269,2756,65826,30164,15804,19343,596,42815,3058,16454,5297,166559,9619,10987,382699,40849,8074,5535,78461,15947,17955,5826,29066,86179,14039,53858,1125,25538,22515,2253,1049,2061882.0
2020-06-14,661,25235,12499,35691,152969,29127,45054,9767,10264,75566,57743,728,23897,3397,132528,39909,11081,12438,46506,105592,61698,2792,66038,30467,15977,19509,609,44108,3080,16544,5316,166848,9721,11194,383393,41148,8232,5635,78797,15947,18795,5890,29921,88097,14390,54494,1127,25832,22755,2283,1057,2082346.0
2020-06-15,664,26272,12917,36705,155687,29296,45198,9799,10340,77325,58572,736,24038,3461,133002,40404,11448,12639,46945,105689,62011,2807,66070,30689,16180,19788,616,45092,3101,16674,5343,167065,9845,11277,384013,41575,8410,5819,79115,16093,19376,5920,30600,89362,14491,54872,1128,26158,22929,2291,1078,2100925.0
2020-06-16,676,26912,13190,39097,159045,29429,45276,9818,10401,80108,59218,740,24158,3540,133628,40760,11448,12818,47406,105884,62415,2818,66262,30877,16408,20136,622,45874,3124,16861,5364,167396,9933,11681,384644,42007,8640,6096,79477,16164,19990,5959,31309,93177,15052,55319,1130,26530,23194,2328,1088,2125427.0
2020-06-17,696,27312,13606,40924,163325,29670,45347,9847,10444,82716,60245,744,24375,3632,134181,40972,11717,12986,48048,106151,62968,2834,66494,31292,16621,20594,639,46853,3192,17052,5435,167665,10064,11851,385211,42423,8903,6218,79818,16213,20550,6043,31656,96318,15427,55761,1130,26784,23452,2355,1114,2149868.0
2020-06-18,708,28206,13927,43443,167090,29899,45355,9903,10499,85926,61229,762,24734,3743,134773,41428,11717,13192,48048,106422,63221,2876,66776,31665,16901,20594,663,48185,3192,17235,5450,168085,10152,12169,385829,43123,9350,6365,80235,16269,21527,6094,32305,99827,15988,56227,1135,27182,23875,2397,1143,2177039.0
2020-06-19,721,29002,14626,46688,170677,30185,45557,9952,10611,89748,62339,789,25158,3871,135464,41740,12103,13448,48514,106650,63506,2912,67077,32030,17196,20594,674,49806,3225,17410,5486,168461,10258,12490,386625,43726,9705,6571,80760,16337,22608,6133,33431,103298,16540,56773,1144,27599,24153,2433,1173,2207977.0
2020-06-20,742,29549,15137,49798,174423,30347,45715,9984,10679,93797,63926,803,25421,4003,136100,42059,12161,13625,49384,106936,63839,2937,67524,32464,17588,20594,704,51388,3251,17519,5518,168782,10429,12897,387341,44259,10037,6748,81265,16337,23756,6223,33882,107688,17168,57405,1147,28220,24538,2481,1179,2239697.0
2020-06-21,753,30021,15561,52390,177691,30535,45752,10020,10775,97270,64820,814,25884,4003,136757,42416,12197,13743,49773,107061,64129,2956,67688,32919,18000,20594,723,52791,3288,17621,5544,169128,10565,13201,388005,44806,10514,6937,81730,16337,24659,6296,34447,111552,17570,57950,1159,28673,24818,2528,1196,2266560.0
2020-06-22,759,30453,16082,54586,184357,30703,45782,10058,10820,100206,66273,816,26041,4253,137217,42626,12514,13831,50233,107210,64366,2970,67932,33225,18140,22286,739,53593,3313,17771,5558,169369,10692,13581,388557,45537,10731,7082,82186,16459,25653,6324,34919,114830,18011,58416,1163,28867,25065,2548,1230,2295933.0
2020-06-23,759,31097,16677,58353,190599,30891,45897,10094,10847,103485,67939,819,26336,4399,137817,42867,12547,14139,51595,107439,64734,2995,68194,33468,18572,22897,743,54442,3319,17910,5571,169671,10838,13996,389154,46127,11027,7273,82695,16533,26571,6351,35762,120359,18413,58952,1164,29383,25330,2579,1254,2330873.0
2020-06-24,759,32064,17372,59973,195441,31153,45911,10128,10886,109014,69661,835,26596,4643,138533,43136,13029,14361,52477,107611,65043,3014,68550,33760,18863,23421,783,55911,3393,18037,5598,169853,10990,14358,389736,46760,11509,7443,83191,16606,27841,6418,36631,125910,18879,59494,1184,29865,25763,2611,1282,2366280.0
2020-06-25,784,33206,18057,63030,200441,31478,45994,10159,10961,114017,71492,850,27051,4864,139430,43652,13108,14615,53415,107837,65429,3102,68981,34122,19367,24511,819,57126,3418,18180,5614,170196,11189,14885,390484,47650,11945,7568,83770,16640,28958,6478,37422,131883,19475,59932,1191,30366,26226,2658,1326,2405352.0
2020-06-26,835,34180,18739,66458,205969,31795,46059,10185,11017,122953,73461,866,27548,5144,140289,44117,13609,14856,54769,108070,66013,3153,69323,34614,19822,25062,848,58815,3458,18355,5671,170570,11408,15358,391289,48639,12341,7817,84369,16661,30262,6534,38670,137597,20135,60563,1193,30855,26747,2712,1368,2451141.0
2020-06-27,835,35077,19307,70051,209956,32022,46206,10216,11091,132495,75260,872,27930,5318,141075,44572,13645,15165,54769,108443,66450,3153,69677,35032,20260,25522,871,60537,3458,18601,5716,170872,11618,16339,391992,49453,12640,8094,84990,16661,31850,6622,39404,143338,20699,61239,1200,31404,27286,2759,1392,2493434.0
2020-06-28,876,35430,19813,73908,214507,32303,46302,10248,11222,141072,77316,898,28424,5318,141721,44929,13839,15230,56234,108667,66777,3190,69944,35549,20287,25890,881,62140,3495,18722,5747,171162,11808,17156,392608,50307,12939,8340,85485,16661,33221,6676,39404,148703,21288,61724,1202,31751,27740,2812,1417,2533283.0
2020-06-29,900,37174,20251,74533,222053,32510,46362,10292,11376,146338,80156,900,28723,5750,142455,45223,14495,15344,57056,108750,67253,3222,70219,35857,21022,26566,937,63478,3539,18864,5760,171272,11981,17894,392989,51046,13167,8484,85986,16764,34546,6712,41384,152987,21767,62179,1208,32252,28058,2845,1449,2572328.0
2020-06-30,932,38045,20774,79205,230359,32713,46513,10327,11479,152422,82086,917,28941,6116,143183,45593,14528,15622,58095,108882,67558,3290,70725,36299,21644,27247,985,64668,3576,19004,5782,171637,12147,18456,393496,51790,13751,8656,86604,16813,36297,6763,42557,159939,22372,62775,1208,32823,28657,2885,1486,2618622.0
2020-07-01,967,38962,21197,84092,237008,33026,46572,10365,11510,158997,84967,909,29290,6370,144012,45952,15059,15842,60178,109142,67918,3323,71089,36716,22024,27900,1016,66496,3615,19136,5802,171928,12276,19101,394248,52866,14113,8931,87240,16853,37809,6825,44271,168025,22818,63202,1210,33435,29199,2932,1517,2668251.0
2020-07-02,967,40111,22074,87424,247249,33352,46646,10390,11731,169106,88481,929,29965,6592,144069,46387,15059,16079,61561,109338,68423,3326,71678,37210,22398,28769,1107,68136,3657,19288,5821,172356,12519,19732,395021,52866,14540,9294,88072,16941,39587,6893,45881,175941,23375,63734,1227,34151,29738,3006,1550,2723747.0
2020-07-03,1044,41864,22617,91857,250562,33610,46717,10435,11923,178589,91045,974,30354,6994,145745,46915,15059,16376,63289,109628,68961,3396,72175,37624,22780,29683,1151,70219,3722,19501,5856,172742,12775,20717,395939,55258,15065,9636,88739,16991,41413,6977,47640,183491,23942,64389,1236,34775,30315,3077,1582,2777364.0
2020-07-04,1088,42862,23202,94553,252194,33864,46717,10447,12100,190052,93496,981,30922,7370,146610,47430,15059,16376,63289,109838,69337,3414,72580,37624,22887,30668,1191,71653,3779,19659,5856,173032,13062,21575,396663,56183,15645,9930,89371,16991,43260,7026,48974,191755,24637,65106,1238,35247,31053,3141,1606,2822593.0
2020-07-05,1115,43951,23809,98084,256268,34063,46717,10482,12128,200111,95656,1005,31243,7733,147250,48006,15059,16376,65225,109974,69624,3423,72939,38135,23431,30898,1236,72979,3816,19761,5897,173402,13255,22418,397200,57151,15928,10230,89854,16991,44717,7061,50246,195198,25049,65743,1249,35898,31577,3260,1634,2864455.0
2020-07-06,1166,44874,24246,101441,273077,34255,46975,10515,12293,206447,97729,1030,31644,8051,147862,48509,16965,17150,66325,110137,69894,3440,73261,38568,23816,31253,1273,74516,3849,19876,5913,173608,13506,22909,397718,57956,16360,10395,90304,16991,46246,7103,50955,200516,25574,66079,1251,36985,32061,3352,1675,2917894.0
2020-07-07,1184,45784,24508,105094,283510,34664,47032,10569,12414,213794,101112,1053,31923,8538,148450,48817,16972,17518,68263,110338,70396,3461,73897,39132,24613,32213,1353,75871,3897,20076,5932,173854,13726,23785,398313,58905,17220,10605,91299,17154,47214,7163,52417,210537,26140,66735,1253,37416,32556,3458,1709,2973837.0
2020-07-08,1226,46962,25246,108614,291350,35116,47108,10642,12462,223783,104061,1094,32387,8968,149432,49259,17697,17919,70184,110602,70861,3486,74551,39589,25189,32888,1397,77307,3970,20303,5952,174039,14017,24301,398383,60182,17894,10817,92148,17204,48770,7242,54756,220513,26857,67375,1256,37941,33154,3615,1739,3031808.0
2020-07-09,1269,49173,26050,112671,300316,35524,47209,10743,12531,232718,108313,1130,33118,9428,150450,49575,17804,18245,72027,110897,71447,3499,75060,40163,25764,33591,1493,79347,4069,20460,5973,174268,14251,25035,399575,61331,18496,11186,92866,17243,50547,7335,56334,230304,27519,68929,1272,38581,33906,3878,1767,3094680.0
2020-07-10,1319,50508,26803,116892,311254,36191,47287,10801,12652,244151,112258,1158,34010,9928,151767,50300,18684,18670,74636,111110,71910,3499,75685,40767,26660,34622,1620,81331,4154,20639,5991,174628,14549,25908,400358,62857,19093,11454,93876,17312,52273,7401,58149,240111,28385,69782,1277,39218,34753,3983,1790,3164414.0
